scenario,runs,actual_collisions,confirmed_alerts,confirmed_fp,fn,confirmed_lead_mean,confirmed_lead_median,confirmed_lead_min,confirmed_lead_max,position_mae_mean,position_mae_median,position_mae_min,position_mae_max,velocity_mae_mean,velocity_mae_median,velocity_mae_min,velocity_mae_max,id_switches_mean,id_switches_median,id_switches_min,id_switches_max,fragments_mean,fragments_median,fragments_min,fragments_max,duplicate_tracks_mean,duplicate_tracks_median,duplicate_tracks_min,duplicate_tracks_max,yolo_ms_mean,yolo_ms_median,yolo_ms_min,yolo_ms_max,tracking_ms_mean,tracking_ms_median,tracking_ms_min,tracking_ms_max,risk_ms_mean,risk_ms_median,risk_ms_min,risk_ms_max
headon_collision,3,3,3,0,0,4.733333580195904,4.766666915267706,4.6666669100522995,4.766666915267706,0.1739248990655923,0.17354474363947606,0.17322604647833093,0.1750039070789699,0.07294103422589814,0.07284369259644846,0.07213829174422508,0.07384111833702085,4.666666666666667,5.0,4.0,5.0,2.3333333333333335,2.0,2.0,3.0,1.0,1.0,0.0,2.0,19.659734193418874,21.81962521452881,12.440997135176998,24.71858023055082,0.24765740200315015,0.24971919727010017,0.23564498631062153,0.25760802242872877,0.05596886357157327,0.05647421242098156,0.05300487171495627,0.05842750657878197
perpendicular_collision,3,3,3,0,0,1.0333333872258663,1.1000000573694706,0.9000000469386578,1.1000000573694706,0.1252512112802208,0.12533056215353855,0.12479324718550956,0.1256298245016143,0.07463549796526381,0.07378007958252188,0.0726282077709508,0.07749820654231877,0.3333333333333333,0.0,0.0,1.0,0.3333333333333333,0.0,0.0,1.0,0.0,0.0,0.0,0.0,16.00602234990261,11.895678511134918,11.878484526494342,24.24390401207858,0.20678443168716928,0.20202292243811304,0.20110286479711767,0.2172275078262771,0.04212636065957561,0.04135272130410168,0.04097535753593297,0.04405100313869217
diagonal_collision,3,3,3,0,0,1.5166667457669973,1.5500000808387995,1.450000075623393,1.5500000808387995,0.13912267550492094,0.1390336656458172,0.13878138449259872,0.13955297637634692,0.08046528415021993,0.08002511543165919,0.07997243592596694,0.08139830109303371,4.333333333333333,4.0,4.0,5.0,3.3333333333333335,3.0,3.0,4.0,0.0,0.0,0.0,0.0,16.21210286506063,12.011018338350361,11.987409168066467,24.63788108876506,0.21633457431592826,0.2159673337328293,0.2144616037836688,0.21857478543128658,0.04446074504333209,0.044607736816080046,0.043049569186330225,0.04572492912758601
cutin_collision,3,3,3,0,0,3.5000001825392246,3.5000001825392246,3.5000001825392246,3.5000001825392246,0.1729653032564741,0.17472654495158996,0.16907906846014387,0.1750902963576885,0.09160766266135228,0.09380365527226385,0.08609657443877063,0.09492275827302238,5.666666666666667,5.0,5.0,7.0,3.3333333333333335,3.0,3.0,4.0,2.0,2.0,1.0,3.0,15.896383762738106,11.579440400870997,11.495571060057458,24.614139827285868,0.18741413601785328,0.17797363994384244,0.17714613223352327,0.20712263587619414,0.03387850984230944,0.032832090846959365,0.03167478520126965,0.03712865347869929
rear_end_collision,3,3,3,0,0,3.822222421566645,3.7666668631136417,2.3000001199543476,5.400000281631947,0.17724655976356163,0.17132249989834195,0.17048475442091518,0.18993242497142776,0.02703081917672565,0.02753586737938627,0.025979210779485364,0.027577379371305315,19.0,15.0,11.0,31.0,7.333333333333333,7.0,7.0,8.0,14.666666666666666,15.0,12.0,17.0,16.14854383978298,12.071179942462065,11.562573638852061,24.811877938034815,0.24011528093648904,0.2404114604730127,0.22547478460036965,0.2544595977360847,0.051986246738705603,0.052426647068665795,0.04743553036263474,0.05609656278481627
perpendicular_nearmiss,3,0,0,0,0,,,,,0.12832178672991043,0.1283373382036867,0.12824412218282333,0.1283838998032212,0.06546313956481702,0.06485672529490888,0.06439103212774061,0.06714166127180157,0.0,0.0,0.0,0.0,0.0,0.0,0.0,0.0,0.0,0.0,0.0,0.0,15.93229665715379,11.559987679206603,11.40991060205343,24.82699169020134,0.2243521483993085,0.21838137413305697,0.217275644894716,0.23739942617015247,0.049381948316580083,0.0482283665713211,0.04808051594370245,0.051836962434716714
diagonal_nearmiss,3,0,0,0,0,,,,,0.14625031682712375,0.1462768904453362,0.14601370393587862,0.14646035610015642,0.06929067554554456,0.06933554659239739,0.06917308728263276,0.0693633927616035,2.0,2.0,2.0,2.0,2.0,2.0,2.0,2.0,0.0,0.0,0.0,0.0,16.26710916983645,11.918287106571494,11.692242694212748,25.190797708725107,0.2529523394327636,0.24578939752391724,0.2348971349503418,0.27817048582403164,0.056183667880827216,0.05434957050376793,0.05197421184615539,0.062227221292558324
cutin_nearmiss,3,0,0,0,0,,,,,0.16192737757654185,0.16176534288827651,0.16159359343727922,0.16242319640406985,0.08742202644981366,0.08768559243877237,0.0858588113487095,0.08872167556195909,2.3333333333333335,2.0,2.0,3.0,2.0,2.0,2.0,2.0,1.6666666666666667,1.0,0.0,4.0,15.678260266972543,11.681006303611465,10.890113466678129,24.46366103062804,0.1827595032337491,0.1860088824706798,0.17314212055500586,0.1891275066755616,0.03169866273986441,0.03175071626101063,0.031118338642759317,0.032226933315823277
multi_person_collision,3,3,3,0,0,4.800000250339508,4.766666915267706,4.766666915267706,4.866666920483112,0.15648121038131055,0.156712535362859,0.15583823663135862,0.156892859149714,0.06712574995065414,0.06702672432546618,0.0669178557252151,0.06743266980128115,8.0,8.0,7.0,9.0,4.0,4.0,3.0,5.0,2.6666666666666665,3.0,2.0,3.0,15.172693696728736,11.18699426930878,11.153804585117484,23.177282235759943,0.44303896812252425,0.4400054441850344,0.4320183373089709,0.45709312287356735,0.10874374433724814,0.10759656165424937,0.10500859542893924,0.11362607592855578
