phase,scenario,sim_seed,dropout_rate,dropout_seed,reused_run,actual_collision,raw_prediction,confirmed_prediction,raw_first_alert_time,confirmed_first_alert_time,actual_collision_time,raw_lead,confirmed_lead,min_gt_distance,min_predicted_dcpa,tcpa_at_first_raw,raw_risk_frames,confirmed_risk_frames,position_mae,velocity_mae,id_switches,fragments,duplicate_tracks,raw_fp,confirmed_fp,fn,yolo_ms,tracking_ms,risk_ms,exposure_count,track_support_exposures,track_support_rate,raw_boxes,post_dropout_boxes,injected_exposures,cross_person_confirmation_events,source_folder
multiseed,headon_collision,17,0.0,,True,True,True,True,1.8166667614132166,1.916666766628623,6.683333681896329,4.866666920483112,4.766666915267706,0.04717310481925907,0.0017862216461051986,,64,61,0.17322604647833093,0.07384111833702085,5,2,2,False,False,False,24.71858023055082,0.24971919727010017,0.05647421242098156,349,318,0.9111747851002865,322,322,0,0,D:\detection\robot_human_isaac6_third_person\outputs\third_person_collision_prediction_yolo26n_optimized\headon_collision\seed_17
multiseed,headon_collision,23,0.0,,False,True,True,True,1.916666766628623,2.0166667718440294,6.783333687111735,4.866666920483112,4.766666915267706,0.07784791958641304,0.00261484561579679,,63,58,0.17354474363947606,0.07213829174422508,4,3,0,False,False,False,21.81962521452881,0.23564498631062153,0.05300487171495627,349,301,0.8624641833810889,309,309,0,0,D:\detection\robot_human_isaac6_third_person\outputs\third_person_collision_prediction_robustness\multiseed\headon_collision\seed_23
multiseed,headon_collision,31,0.0,,False,True,True,True,1.916666766628623,2.0166667718440294,6.683333681896329,4.766666915267706,4.6666669100522995,0.04717310481925907,0.0035144727739016154,,63,59,0.1750039070789699,0.07284369259644846,5,2,1,False,False,False,12.440997135176998,0.25760802242872877,0.05842750657878197,349,319,0.9140401146131805,323,323,0,0,D:\detection\robot_human_isaac6_third_person\outputs\third_person_collision_prediction_robustness\multiseed\headon_collision\seed_31
multiseed,perpendicular_collision,17,0.0,,True,True,True,True,11.51666726730764,12.516667319461703,13.616667376831174,2.1000001095235348,1.1000000573694706,0.054636683626415994,0.0025101109754666795,,42,39,0.1256298245016143,0.07378007958252188,0,0,0,False,False,False,24.24390401207858,0.2172275078262771,0.04405100313869217,349,232,0.664756446991404,233,233,0,0,D:\detection\robot_human_isaac6_third_person\outputs\third_person_collision_prediction_yolo26n_optimized\perpendicular_collision\seed_17
multiseed,perpendicular_collision,23,0.0,,False,True,True,True,11.51666726730764,12.516667319461703,13.616667376831174,2.1000001095235348,1.1000000573694706,0.054636683626415994,0.0020400161424387066,,41,39,0.12533056215353855,0.0726282077709508,0,0,0,False,False,False,11.895678511134918,0.20202292243811304,0.04097535753593297,349,231,0.66189111747851,233,233,0,0,D:\detection\robot_human_isaac6_third_person\outputs\third_person_collision_prediction_robustness\multiseed\perpendicular_collision\seed_23
multiseed,perpendicular_collision,31,0.0,,False,True,True,True,11.51666726730764,12.716667329892516,13.616667376831174,2.1000001095235348,0.9000000469386578,0.054636683626415994,0.0008819107948168544,,39,37,0.12479324718550956,0.07749820654231877,1,1,0,False,False,False,11.878484526494342,0.20110286479711767,0.04135272130410168,349,231,0.66189111747851,232,232,0,0,D:\detection\robot_human_isaac6_third_person\outputs\third_person_collision_prediction_robustness\multiseed\perpendicular_collision\seed_31
multiseed,diagonal_collision,17,0.0,,True,True,True,True,12.816667335107923,13.516667371615767,14.96666744723916,2.150000112131238,1.450000075623393,0.0655664297961157,0.003960667750084409,,54,50,0.13955297637634692,0.08002511543165919,4,3,0,False,False,False,24.63788108876506,0.21857478543128658,0.04572492912758601,349,247,0.7077363896848138,250,250,0,0,D:\detection\robot_human_isaac6_third_person\outputs\third_person_collision_prediction_yolo26n_optimized\diagonal_collision\seed_17
multiseed,diagonal_collision,23,0.0,,False,True,True,True,12.816667335107923,13.416667366400361,14.96666744723916,2.150000112131238,1.5500000808387995,0.0655664297961157,0.004961543091517258,,53,49,0.13878138449259872,0.07997243592596694,5,4,0,False,False,False,11.987409168066467,0.2159673337328293,0.044607736816080046,349,247,0.7077363896848138,252,252,0,0,D:\detection\robot_human_isaac6_third_person\outputs\third_person_collision_prediction_robustness\multiseed\diagonal_collision\seed_23
multiseed,diagonal_collision,31,0.0,,False,True,True,True,12.816667335107923,13.416667366400361,14.96666744723916,2.150000112131238,1.5500000808387995,0.0655664297961157,0.004038656652301906,,53,50,0.1390336656458172,0.08139830109303371,4,3,0,False,False,False,12.011018338350361,0.2144616037836688,0.043049569186330225,349,248,0.7106017191977078,254,254,0,0,D:\detection\robot_human_isaac6_third_person\outputs\third_person_collision_prediction_robustness\multiseed\diagonal_collision\seed_31
multiseed,cutin_collision,17,0.0,,True,True,True,True,12.716667329892516,13.616667376831174,17.1166675593704,4.400000229477882,3.5000001825392246,0.12072249094706695,0.004038200439239416,,115,103,0.16907906846014387,0.09380365527226385,5,3,3,False,False,False,24.614139827285868,0.20712263587619414,0.03712865347869929,349,168,0.4813753581661891,183,183,0,0,D:\detection\robot_human_isaac6_third_person\outputs\third_person_collision_prediction_yolo26n_optimized\cutin_collision\seed_17
multiseed,cutin_collision,23,0.0,,False,True,True,True,12.716667329892516,13.616667376831174,17.1166675593704,4.400000229477882,3.5000001825392246,0.12072249094706695,0.0030722378812152494,,112,98,0.1750902963576885,0.09492275827302238,7,4,2,False,False,False,11.495571060057458,0.17797363994384244,0.032832090846959365,349,167,0.4785100286532951,179,179,0,0,D:\detection\robot_human_isaac6_third_person\outputs\third_person_collision_prediction_robustness\multiseed\cutin_collision\seed_23
multiseed,cutin_collision,31,0.0,,False,True,True,True,12.716667329892516,13.616667376831174,17.1166675593704,4.400000229477882,3.5000001825392246,0.12072249094706695,0.004094848626802122,,112,99,0.17472654495158996,0.08609657443877063,5,3,1,False,False,False,11.579440400870997,0.17714613223352327,0.03167478520126965,349,166,0.47564469914040114,173,173,0,0,D:\detection\robot_human_isaac6_third_person\outputs\third_person_collision_prediction_robustness\multiseed\cutin_collision\seed_31
multiseed,rear_end_collision,17,0.0,,True,True,True,True,5.416666949167848,5.516666954383254,9.283333817496896,3.866666868329048,3.7666668631136417,0.04129955995411108,0.00010689238511465445,,224,201,0.18993242497142776,0.025979210779485364,31,7,17,False,False,False,24.811877938034815,0.2544595977360847,0.05609656278481627,349,276,0.7908309455587392,312,312,0,0,D:\detection\robot_human_isaac6_third_person\outputs\third_person_collision_prediction_yolo26n_optimized\rear_end_collision\seed_17
multiseed,rear_end_collision,23,0.0,,False,True,True,True,0.3166666831821203,3.616666855290532,9.016667136922479,8.700000453740358,5.400000281631947,0.040174056128024965,0.0007934915560350361,,220,204,0.17132249989834195,0.027577379371305315,11,8,12,False,False,False,11.562573638852061,0.22547478460036965,0.04743553036263474,349,275,0.7879656160458453,313,313,0,0,D:\detection\robot_human_isaac6_third_person\outputs\third_person_collision_prediction_robustness\multiseed\rear_end_collision\seed_23
multiseed,rear_end_collision,31,0.0,,False,True,True,True,0.3166666831821203,6.716667016968131,9.016667136922479,8.700000453740358,2.3000001199543476,0.040174056128024965,0.0012602925937033808,,213,192,0.17048475442091518,0.02753586737938627,15,7,15,False,False,False,12.071179942462065,0.2404114604730127,0.052426647068665795,349,266,0.7621776504297995,307,307,0,0,D:\detection\robot_human_isaac6_third_person\outputs\third_person_collision_prediction_robustness\multiseed\rear_end_collision\seed_31
multiseed,perpendicular_nearmiss,17,0.0,,True,False,True,False,6.316666996106505,,,,,1.4268040381630551,0.5916830634654334,4.94920831460453,1,0,0.12824412218282333,0.06714166127180157,0,0,0,True,False,False,24.82699169020134,0.23739942617015247,0.051836962434716714,349,284,0.8137535816618912,284,284,0,0,D:\detection\robot_human_isaac6_third_person\outputs\third_person_collision_prediction_yolo26n_optimized\perpendicular_nearmiss\seed_17
multiseed,perpendicular_nearmiss,23,0.0,,False,False,False,False,,,,,,1.4268040381630551,1.1949262963755116,,0,0,0.1283373382036867,0.06439103212774061,0,0,0,False,False,False,11.559987679206603,0.217275644894716,0.04808051594370245,349,282,0.8080229226361032,282,282,0,0,D:\detection\robot_human_isaac6_third_person\outputs\third_person_collision_prediction_robustness\multiseed\perpendicular_nearmiss\seed_23
multiseed,perpendicular_nearmiss,31,0.0,,False,False,False,False,,,,,,1.4268040381630551,1.171615911551898,,0,0,0.1283838998032212,0.06485672529490888,0,0,0,False,False,False,11.40991060205343,0.21838137413305697,0.0482283665713211,349,282,0.8080229226361032,282,282,0,0,D:\detection\robot_human_isaac6_third_person\outputs\third_person_collision_prediction_robustness\multiseed\perpendicular_nearmiss\seed_31
multiseed,diagonal_nearmiss,17,0.0,,True,False,False,False,,,,,,2.326463468391519,1.2871981514255673,,0,0,0.14646035610015642,0.0693633927616035,2,2,0,False,False,False,25.190797708725107,0.27817048582403164,0.062227221292558324,349,312,0.8939828080229226,312,312,0,0,D:\detection\robot_human_isaac6_third_person\outputs\third_person_collision_prediction_yolo26n_optimized\diagonal_nearmiss\seed_17
multiseed,diagonal_nearmiss,23,0.0,,False,False,False,False,,,,,,2.326463468391519,1.291675157235859,,0,0,0.14601370393587862,0.06933554659239739,2,2,0,False,False,False,11.692242694212748,0.2348971349503418,0.05197421184615539,349,313,0.8968481375358166,313,313,0,0,D:\detection\robot_human_isaac6_third_person\outputs\third_person_collision_prediction_robustness\multiseed\diagonal_nearmiss\seed_23
multiseed,diagonal_nearmiss,31,0.0,,False,False,False,False,,,,,,2.326463468391519,1.2933346757450561,,0,0,0.1462768904453362,0.06917308728263276,2,2,0,False,False,False,11.918287106571494,0.24578939752391724,0.05434957050376793,349,313,0.8968481375358166,313,313,0,0,D:\detection\robot_human_isaac6_third_person\outputs\third_person_collision_prediction_robustness\multiseed\diagonal_nearmiss\seed_31
multiseed,cutin_nearmiss,17,0.0,,True,False,False,False,,,,,,1.4845983590592056,1.7674806195419013,,0,0,0.16159359343727922,0.08872167556195909,2,2,0,False,False,False,24.46366103062804,0.1891275066755616,0.03175071626101063,349,174,0.498567335243553,181,181,0,0,D:\detection\robot_human_isaac6_third_person\outputs\third_person_collision_prediction_yolo26n_optimized\cutin_nearmiss\seed_17
multiseed,cutin_nearmiss,23,0.0,,False,False,False,False,,,,,,1.4845983590592056,1.7567817300325153,,0,0,0.16176534288827651,0.08768559243877237,2,2,4,False,False,False,11.681006303611465,0.1860088824706798,0.032226933315823277,349,173,0.49570200573065903,186,186,0,0,D:\detection\robot_human_isaac6_third_person\outputs\third_person_collision_prediction_robustness\multiseed\cutin_nearmiss\seed_23
multiseed,cutin_nearmiss,31,0.0,,False,False,False,False,,,,,,1.4845983590592056,1.7534195536677206,,0,0,0.16242319640406985,0.0858588113487095,3,2,1,False,False,False,10.890113466678129,0.17314212055500586,0.031118338642759317,349,178,0.5100286532951289,190,190,0,0,D:\detection\robot_human_isaac6_third_person\outputs\third_person_collision_prediction_robustness\multiseed\cutin_nearmiss\seed_31
multiseed,multi_person_collision,17,0.0,,True,True,True,True,1.8166667614132166,1.916666766628623,6.683333681896329,4.866666920483112,4.766666915267706,0.04717310481925907,7.566495983716775e-05,,66,63,0.156712535362859,0.0669178557252151,7,3,3,False,False,False,23.177282235759943,0.45709312287356735,0.11362607592855578,349,349,1.0,964,964,0,0,D:\detection\robot_human_isaac6_third_person\outputs\third_person_collision_prediction_yolo26n_optimized\multi_person_collision\seed_17
multiseed,multi_person_collision,23,0.0,,False,True,True,True,1.8166667614132166,1.916666766628623,6.683333681896329,4.866666920483112,4.766666915267706,0.04717310481925907,0.00015560423721350076,,67,64,0.15583823663135862,0.06743266980128115,9,5,3,False,False,False,11.18699426930878,0.4320183373089709,0.10759656165424937,349,349,1.0,959,959,0,0,D:\detection\robot_human_isaac6_third_person\outputs\third_person_collision_prediction_robustness\multiseed\multi_person_collision\seed_23
multiseed,multi_person_collision,31,0.0,,False,True,True,True,1.7166667561978102,1.8166667614132166,6.683333681896329,4.966666925698519,4.866666920483112,0.04717310481925907,0.00268705367074479,,67,64,0.156892859149714,0.06702672432546618,8,4,2,False,False,False,11.153804585117484,0.4400054441850344,0.10500859542893924,349,349,1.0,955,955,0,0,D:\detection\robot_human_isaac6_third_person\outputs\third_person_collision_prediction_robustness\multiseed\multi_person_collision\seed_31
hard_nearmiss,perpendicular_nearmiss_hard,17,0.0,,False,False,True,True,7.116667037829757,8.516667110845447,,,,1.191888465769294,0.463877218408748,4.6488061245212675,5,2,0.12701577017862956,0.0676274732474443,1,1,0,True,True,False,21.567449570075745,0.24531891158872676,0.052712320678341695,349,270,0.7736389684813754,270,270,0,0,D:\detection\robot_human_isaac6_third_person\outputs\third_person_collision_prediction_robustness\hard_nearmiss\perpendicular_nearmiss_hard\seed_17
hard_nearmiss,diagonal_nearmiss_hard,17,0.0,,False,False,False,False,,,,,,1.2435204893001617,1.1127621984955915,,0,0,0.14221046053233594,0.07717404583386726,3,2,0,False,False,False,11.213891116857534,0.22155214881625848,0.0495616047887297,349,291,0.833810888252149,291,291,0,0,D:\detection\robot_human_isaac6_third_person\outputs\third_person_collision_prediction_robustness\hard_nearmiss\diagonal_nearmiss_hard\seed_17
hard_nearmiss,cutin_nearmiss_hard,17,0.0,,False,False,True,True,9.016667136922479,9.116667142137885,,,,1.2390647993798716,1.2512314224676382,,2,1,0.1802681268504519,0.09291477334068843,5,4,0,True,True,False,10.562740114716316,0.15948939827313502,0.02687335216819194,349,161,0.46131805157593125,164,164,0,0,D:\detection\robot_human_isaac6_third_person\outputs\third_person_collision_prediction_robustness\hard_nearmiss\cutin_nearmiss_hard\seed_17
dropout,headon_collision,17,0.0,101,True,True,True,True,1.8166667614132166,1.916666766628623,6.683333681896329,4.866666920483112,4.766666915267706,0.04717310481925907,0.0017862216461051986,,64,61,0.17322604647833093,0.07384111833702085,5,2,2,False,False,False,24.71858023055082,0.24971919727010017,0.05647421242098156,349,318,0.9111747851002865,322,322,0,0,D:\detection\robot_human_isaac6_third_person\outputs\third_person_collision_prediction_yolo26n_optimized\headon_collision\seed_17
dropout,headon_collision,17,0.1,101,False,True,True,True,1.916666766628623,2.0166667718440294,6.683333681896329,4.766666915267706,4.6666669100522995,0.04717310481925907,0.0005546049915251669,,52,44,0.17871957246725356,0.08214129524425162,3,3,0,False,False,False,10.912976791681242,0.2149071639976104,0.0446143263736126,349,281,0.8051575931232091,323,285,42,0,D:\detection\robot_human_isaac6_third_person\outputs\third_person_collision_prediction_robustness\dropout\headon_collision\seed_17\rate_10_dropseed_101
dropout,headon_collision,17,0.2,101,False,True,True,True,1.916666766628623,2.0166667718440294,6.783333687111735,4.866666920483112,4.766666915267706,0.07784791958641304,0.010944629985644053,,52,41,0.17735243484395063,0.06721902199097185,5,4,1,False,False,False,11.285906017292291,0.21344040107531714,0.04039828028105583,349,247,0.7077363896848138,312,254,68,0,D:\detection\robot_human_isaac6_third_person\outputs\third_person_collision_prediction_robustness\dropout\headon_collision\seed_17\rate_20_dropseed_101
dropout,headon_collision,17,0.3,101,False,True,True,True,1.916666766628623,2.0166667718440294,6.783333687111735,4.866666920483112,4.766666915267706,0.07784791958641304,0.00910577961950418,,46,32,0.17283487223697552,0.0707924365281432,5,4,0,False,False,False,10.985786246284603,0.19305243549126608,0.0352882524954961,349,218,0.6246418338108882,311,221,101,0,D:\detection\robot_human_isaac6_third_person\outputs\third_person_collision_prediction_robustness\dropout\headon_collision\seed_17\rate_30_dropseed_101
dropout,cutin_collision,17,0.0,101,True,True,True,True,12.716667329892516,13.616667376831174,17.1166675593704,4.400000229477882,3.5000001825392246,0.12072249094706695,0.004038200439239416,,115,103,0.16907906846014387,0.09380365527226385,5,3,3,False,False,False,24.614139827285868,0.20712263587619414,0.03712865347869929,349,168,0.4813753581661891,183,183,0,0,D:\detection\robot_human_isaac6_third_person\outputs\third_person_collision_prediction_yolo26n_optimized\cutin_collision\seed_17
dropout,cutin_collision,17,0.1,101,False,True,True,True,12.716667329892516,13.71666738204658,17.1166675593704,4.400000229477882,3.400000177323818,0.12072249094706695,0.004415461648178836,,99,77,0.1708913348507406,0.10484490104506088,6,4,3,False,False,False,10.697679084466829,0.15435530253710028,0.025563610749009643,349,142,0.4068767908309456,178,153,42,0,D:\detection\robot_human_isaac6_third_person\outputs\third_person_collision_prediction_robustness\dropout\cutin_collision\seed_17\rate_10_dropseed_101
dropout,cutin_collision,17,0.2,101,False,True,True,True,12.716667329892516,13.916667392477393,17.1166675593704,4.400000229477882,3.2000001668930054,0.12072249094706695,0.00113039676560223,,91,65,0.17249914841693825,0.10557793393519892,5,4,0,False,False,False,10.757792263140336,0.15175100264171495,0.024281088666413993,349,133,0.38108882521489973,179,141,68,0,D:\detection\robot_human_isaac6_third_person\outputs\third_person_collision_prediction_robustness\dropout\cutin_collision\seed_17\rate_20_dropseed_101
dropout,cutin_collision,17,0.3,101,False,True,True,True,12.716667329892516,13.916667392477393,17.1166675593704,4.400000229477882,3.2000001668930054,0.12072249094706695,0.0030217203325368703,,76,43,0.17217232734605978,0.11991756506849605,7,5,2,False,False,False,10.631957020341048,0.14637593160927787,0.021126934355204886,349,114,0.32664756446991405,177,122,101,0,D:\detection\robot_human_isaac6_third_person\outputs\third_person_collision_prediction_robustness\dropout\cutin_collision\seed_17\rate_30_dropseed_101
dropout,rear_end_collision,17,0.0,101,True,True,True,True,5.416666949167848,5.516666954383254,9.283333817496896,3.866666868329048,3.7666668631136417,0.04129955995411108,0.00010689238511465445,,224,201,0.18993242497142776,0.025979210779485364,31,7,17,False,False,False,24.811877938034815,0.2544595977360847,0.05609656278481627,349,276,0.7908309455587392,312,312,0,0,D:\detection\robot_human_isaac6_third_person\outputs\third_person_collision_prediction_yolo26n_optimized\rear_end_collision\seed_17
dropout,rear_end_collision,17,0.1,101,False,True,True,True,0.3166666831821203,0.41666668839752674,9.016667136922479,8.700000453740358,8.600000448524952,0.040174056128024965,0.0006063568480371455,,195,159,0.1721850542744514,0.02387944943162197,12,6,11,False,False,False,10.963002005061615,0.20853810942662415,0.04234412669358951,349,242,0.6934097421203438,314,277,42,0,D:\detection\robot_human_isaac6_third_person\outputs\third_person_collision_prediction_robustness\dropout\rear_end_collision\seed_17\rate_10_dropseed_101
dropout,rear_end_collision,17,0.2,101,False,True,True,True,3.4166668448597193,5.716666964814067,9.283333817496896,5.8666669726371765,3.566666852682829,0.04129955995411108,0.0005241515372798182,,180,130,0.184177116962668,0.027194676905081035,20,7,10,False,False,False,11.193575358127022,0.2090785106848178,0.040875073324856924,349,219,0.6275071633237822,314,249,68,0,D:\detection\robot_human_isaac6_third_person\outputs\third_person_collision_prediction_robustness\dropout\rear_end_collision\seed_17\rate_20_dropseed_101
dropout,rear_end_collision,17,0.3,101,False,True,True,True,5.416666949167848,5.716666964814067,9.283333817496896,3.866666868329048,3.566666852682829,0.04129955995411108,0.00044078625990838987,,154,94,0.17750505257981447,0.024926977001491393,15,5,9,False,False,False,10.874398568055371,0.18935128869648948,0.03325444179851252,349,189,0.5415472779369628,309,216,101,0,D:\detection\robot_human_isaac6_third_person\outputs\third_person_collision_prediction_robustness\dropout\rear_end_collision\seed_17\rate_30_dropseed_101
dropout,perpendicular_nearmiss_hard,17,0.0,101,True,False,True,True,7.116667037829757,8.516667110845447,,,,1.191888465769294,0.463877218408748,4.6488061245212675,5,2,0.12701577017862956,0.0676274732474443,1,1,0,True,True,False,21.567449570075745,0.24531891158872676,0.052712320678341695,349,270,0.7736389684813754,270,270,0,0,D:\detection\robot_human_isaac6_third_person\outputs\third_person_collision_prediction_robustness\hard_nearmiss\perpendicular_nearmiss_hard\seed_17
dropout,perpendicular_nearmiss_hard,17,0.1,101,False,False,True,True,7.116667037829757,8.616667116060853,,,,1.191888465769294,0.7734251761871421,4.589178698513104,3,1,0.12653584497362777,0.06730337466959765,1,1,0,True,True,False,10.845335243626051,0.18814383923572442,0.03756618920785714,349,236,0.6762177650429799,269,236,42,0,D:\detection\robot_human_isaac6_third_person\outputs\third_person_collision_prediction_robustness\dropout\perpendicular_nearmiss_hard\seed_17\rate_10_dropseed_101
dropout,perpendicular_nearmiss_hard,17,0.2,101,False,False,True,False,7.116667037829757,,,,,1.191888465769294,0.7680062224789475,4.625752922243651,1,0,0.12625549747332146,0.06849820874494802,0,0,0,True,False,False,10.846677077063532,0.18679025752421863,0.03583352535130472,349,217,0.6217765042979942,273,217,68,0,D:\detection\robot_human_isaac6_third_person\outputs\third_person_collision_prediction_robustness\dropout\perpendicular_nearmiss_hard\seed_17\rate_20_dropseed_101
dropout,perpendicular_nearmiss_hard,17,0.3,101,False,False,True,False,8.216667095199227,,,,,1.191888465769294,0.7367514072371781,,2,0,0.12732212749235677,0.07328633423075949,1,1,0,True,False,False,11.270826933792069,0.19307965666247814,0.03404641906893612,349,189,0.5415472779369628,271,189,101,0,D:\detection\robot_human_isaac6_third_person\outputs\third_person_collision_prediction_robustness\dropout\perpendicular_nearmiss_hard\seed_17\rate_30_dropseed_101
