scenario,actual_collision,id_switches_before,id_switches_same_run_raw,id_switches_after,fragments_before,fragments_same_run_raw,fragments_after,duplicate_tracks_before,duplicate_tracks_same_run_raw,duplicate_tracks_after,raw_predicted_collision_before,raw_predicted_collision_after,confirmed_predicted_collision,raw_first_alert_lead_before_s,raw_first_alert_lead_after_s,confirmed_first_alert_lead_s,confirmation_delay_s,position_mae_before_m,position_mae_after_m,velocity_mae_before_m_s,velocity_mae_after_m_s,false_alarm_raw_before,false_alarm_raw_after,false_alarm_confirmed,suppressed_duplicate_measurements,yolo_inference_mean_before_ms,yolo_inference_mean_after_ms,yolo_response_mean_after_ms,association_tracking_mean_after_ms,risk_prediction_mean_after_ms,overall_processing_mean_after_ms,overall_processing_p95_after_ms
headon_collision,True,7,7,5,3,3,2,4,4,2,True,True,True,4.766666915267706,4.866666920483112,4.766666915267706,0.10000000521540642,0.1727931682999532,0.17322604647833093,0.07441448164468943,0.07384111833702085,False,False,False,2,24.329354727616064,24.71858023055082,25.58682177614095,0.24971919727010017,0.05647421242098156,28.157883094484255,31.068419996881858
perpendicular_collision,True,0,0,0,0,0,0,0,1,0,True,True,True,2.1000001095235348,2.1000001095235348,1.1000000573694706,1.0000000521540642,0.12601394413691894,0.1256298245016143,0.07485765907877162,0.07378007958252188,False,False,False,1,22.633621777106946,24.24390401207858,25.272340974673753,0.2172275078262771,0.04405100313869217,27.595130658813922,30.932820000452917
diagonal_collision,True,8,6,4,5,4,3,7,3,0,True,True,True,2.150000112131238,2.150000112131238,1.450000075623393,0.7000000365078449,0.13945859921338097,0.13955297637634692,0.08832883674492517,0.08002511543165919,False,False,False,3,21.942307163539603,24.63788108876506,25.49285157561972,0.21857478543128658,0.04572492912758601,27.933771918907382,31.417359999613833
cutin_collision,True,10,13,5,6,6,3,6,12,3,True,True,True,3.7000001929700375,4.400000229477882,3.5000001825392246,0.9000000469386578,0.17339379741957484,0.16907906846014387,0.10242579041991794,0.09380365527226385,False,False,False,9,21.3864183386609,24.614139827285868,25.45427277800627,0.20712263587619414,0.03712865347869929,27.834857592524635,31.374219991266724
rear_end_collision,True,46,45,31,11,12,7,32,33,17,True,True,True,5.8666669726371765,3.866666868329048,3.7666668631136417,0.10000000521540642,0.18486659553722123,0.18993242497142776,0.03000397795017504,0.025979210779485364,False,False,False,16,22.22444699237585,24.811877938034815,25.737579943636234,0.2544595977360847,0.05609656278481627,28.563479369707714,32.07173999398947
perpendicular_nearmiss,False,0,0,0,0,0,0,0,0,0,True,True,False,,,,,0.12832021231616214,0.12824412218282333,0.0667347734626225,0.06714166127180157,True,True,False,0,22.17145873969861,24.82699169020134,25.70029971382266,0.23739942617015247,0.051836962434716714,28.197485100301808,31.037199991988015
diagonal_nearmiss,False,3,2,2,3,2,2,0,0,0,False,False,False,,,,,0.1460553227218809,0.14646035610015642,0.06986729026203883,0.0693633927616035,False,False,False,0,21.55646361059704,25.190797708725107,26.259222636709822,0.27817048582403164,0.062227221292558324,28.953822637357106,31.467440002597865
cutin_nearmiss,False,3,4,2,2,3,2,7,7,0,False,False,False,,,,,0.1624456284632498,0.16159359343727922,0.08761173481997327,0.08872167556195909,False,False,False,7,21.04041117427265,24.46366103062804,25.467352434441736,0.1891275066755616,0.03175071626101063,27.590987965298474,30.994940001983196
multi_person_collision,True,7,9,7,4,4,3,6,5,3,True,True,True,4.866666920483112,4.866666920483112,4.766666915267706,0.10000000521540642,0.15659774132645368,0.156712535362859,0.0672678847590215,0.0669178557252151,False,False,False,7,21.673672779344482,23.177282235759943,24.283622636110856,0.45709312287356735,0.11362607592855578,27.99579598770789,32.50280001666396
