scenario,seed,actual_collision,predicted_collision,first_detection_time,first_risk_time,actual_collision_time,lead_time,first_sustained_risk_time,sustained_lead_time,predicted_ttc_at_first_risk,first_ttc_error_s,min_predicted_distance,min_actual_gt_distance,position_mae,position_p95,velocity_mae,id_switches,duplicate_track_count,false_alarm,frames,detected_frames,detection_continuity,missed_exposure_ratio,mean_confidence,exposure_to_predictor_p95_s,track_continuity,video
headon_collision,17,True,True,0.11666667275130749,1.916666766628623,6.683333681896329,4.766666915267706,2.116666777059436,4.566666904836893,5.0,0.23333308473229408,0.0063899378954924485,0.04717310481925907,0.17285051526467488,0.20287316392137805,0.08146908289936643,11,11,False,349,293,0.839541547277937,0.16045845272206305,0.7200102949728732,0.033335092113502184,0.836676217765043,D:\detection\robot_human_isaac6_third_person\outputs\third_person_collision_prediction\headon_collision\seed_17\THIRD_PERSON_COLLISION_PREDICTION_HUD.mp4
perpendicular_collision,17,True,True,11.316667256876826,12.61666732467711,13.616667376831174,1.0000000521540642,12.61666732467711,1.0000000521540642,2.7,1.699999947845936,0.007148244741646156,0.054636683626415994,0.12656223063015964,0.1604983465055168,0.07292487677533759,1,4,False,349,228,0.6532951289398281,0.3467048710601719,0.8320321343068419,0.033335092113502184,0.6532951289398281,D:\detection\robot_human_isaac6_third_person\outputs\third_person_collision_prediction\perpendicular_collision\seed_17\THIRD_PERSON_COLLISION_PREDICTION_HUD.mp4
diagonal_collision,17,True,True,0.3166666831821203,13.416667366400361,14.96666744723916,1.5500000808387995,13.416667366400361,1.5500000808387995,3.7,2.1499999191612007,0.025285816410925394,0.0655664297961157,0.13230142101854303,0.17119008220877746,0.0839168434615438,6,12,False,349,241,0.6905444126074498,0.3094555873925502,0.7640464506130444,0.033335092113502184,0.6905444126074498,D:\detection\robot_human_isaac6_third_person\outputs\third_person_collision_prediction\diagonal_collision\seed_17\THIRD_PERSON_COLLISION_PREDICTION_HUD.mp4
cutin_collision,17,True,True,0.11666667275130749,13.71666738204658,17.1166675593704,3.400000177323818,14.416667418554425,2.7000001408159733,4.7,1.299999822676182,0.0079756371595043,0.12072249094706695,0.18231687734062452,0.21628023454829648,0.09657982258907893,15,14,False,349,168,0.4813753581661891,0.518624641833811,0.6376654523546281,0.033335092113502184,0.4813753581661891,D:\detection\robot_human_isaac6_third_person\outputs\third_person_collision_prediction\cutin_collision\seed_17\THIRD_PERSON_COLLISION_PREDICTION_HUD.mp4
rear_end_collision,17,True,True,0.11666667275130749,0.3166666831821203,9.016667136922479,8.700000453740358,6.8166670221835375,2.200000114738941,4.7,-4.000000453740358,0.004633425469036177,0.040174056128024965,0.1666181894247722,0.2113127003602691,0.027272698440917193,22,27,False,349,270,0.7736389684813754,0.22636103151862463,0.6135824725082025,0.033335092113502184,0.7736389684813754,D:\detection\robot_human_isaac6_third_person\outputs\third_person_collision_prediction\rear_end_collision\seed_17\THIRD_PERSON_COLLISION_PREDICTION_HUD.mp4
perpendicular_nearmiss,17,False,False,6.216666990891099,,,,,,,,1.1589388269430843,1.4268040381630551,0.12763181723022363,0.1670622807339241,0.07307692981127654,0,0,False,349,285,0.8166189111747851,0.18338108882521487,0.8571496078842564,0.033335092113502184,0.8166189111747851,D:\detection\robot_human_isaac6_third_person\outputs\third_person_collision_prediction\perpendicular_nearmiss\seed_17\THIRD_PERSON_COLLISION_PREDICTION_HUD.mp4
diagonal_nearmiss,17,False,False,0.3166666831821203,,,,,,,,1.4991958128154261,2.326463468391519,0.1415409364402001,0.18003162868908407,0.06356811571196033,3,2,False,349,326,0.9340974212034384,0.06590257879656158,0.8178095470477895,0.033335092113502184,0.9340974212034384,D:\detection\robot_human_isaac6_third_person\outputs\third_person_collision_prediction\diagonal_nearmiss\seed_17\THIRD_PERSON_COLLISION_PREDICTION_HUD.mp4
cutin_nearmiss,17,False,False,0.11666667275130749,,,,,,,,1.4826544829363242,1.4845983590592056,0.1653820475971556,0.2124977573707701,0.08892979343602403,3,5,False,349,158,0.45272206303724927,0.5472779369627507,0.721415613692231,0.033335092113502184,0.45272206303724927,D:\detection\robot_human_isaac6_third_person\outputs\third_person_collision_prediction\cutin_nearmiss\seed_17\THIRD_PERSON_COLLISION_PREDICTION_HUD.mp4
multi_person_collision,17,True,True,0.11666667275130749,1.8166667614132166,6.783333687111735,4.966666925698519,1.8166667614132166,4.966666925698519,5.0,0.03333307430148125,0.01619015685741969,0.07784791958641304,0.15308318378289762,0.2122709679263463,0.06342998650175169,21,9,False,349,349,1.0,0.0,0.7851359944779068,0.03333508689809719,1.0,D:\detection\robot_human_isaac6_third_person\outputs\third_person_collision_prediction\multi_person_collision\seed_17\THIRD_PERSON_COLLISION_PREDICTION_HUD.mp4
