scenario,controller,repeat,status,route_completed,collision_proxy,static_collision,min_gt_distance,travel_time,observed_duration,path_length,stop_count,stop_duration,max_lateral_displacement,passing_side,side_switches,sustained_moving_pass_s,return_to_route,route_reference_heading_rad,interaction_start_s,interaction_end_s,passing_clearance_m,overtaking_duration_s,active_passing_success,yielding_success,overtaking_success,functional_pass,scenario_pass,behavior_label,integrated_social_cost,min_social_norm,personal_space_violation_s,social_lt_1_5_s,direction_switches,omega_variation,yolo_responses_s,rtf,resume,first_detection_time,first_detection_response_time,first_reaction_time,first_non_cruise_time,detection_to_reaction_latency,first_visible_time,visibility_review_complete,source_run
blind_corner,baseline,17,VALID,True,True,False,0.1825076408675592,29.31666819564998,29.31666819564998,8.70713888888885,0,0.0,0.0,NONE,0,0.0,True,0.0,9.600000500679016,20.783334417268634,-0.7202719571073244,,,,,False,False,FAIL,3.199522223441264,0.20346648447076454,2.7000001408159733,3.9000002034008503,0,0.0,5.505479008664642,0.6269573088972101,False,6.266666638851166,6.416667001321912,,,,5.9667,True,D:\detection\robot_human_isaac6\outputs\classic_single_pedestrian\benchmark\blind_corner\baseline\seed_17\run_01
blind_corner,baseline,23,VALID,True,True,False,0.1825076408675592,29.31666819564998,29.31666819564998,8.70713888888885,0,0.0,0.0,NONE,0,0.0,True,0.0,9.600000500679016,20.783334417268634,-0.7202719571073244,,,,,False,False,FAIL,3.199522223441264,0.20346648447076454,2.7000001408159733,3.9000002034008503,0,0.0,5.654547034719955,0.627948843520697,False,6.266666638851166,6.516667006537318,,,,5.9667,True,D:\detection\robot_human_isaac6\outputs\classic_single_pedestrian\benchmark\blind_corner\baseline\seed_23\run_01
blind_corner,baseline,31,VALID,True,True,False,0.1825076408675592,29.31666819564998,29.31666819564998,8.70713888888885,0,0.0,0.0,NONE,0,0.0,True,0.0,9.600000500679016,20.783334417268634,-0.7202719571073244,,,,,False,False,FAIL,3.199522223441264,0.20346648447076454,2.7000001408159733,3.9000002034008503,0,0.0,5.461728999437808,0.6178129394984142,False,6.366666638851166,6.516667006537318,,,,5.9667,True,D:\detection\robot_human_isaac6\outputs\classic_single_pedestrian\benchmark\blind_corner\baseline\seed_31\run_01
blind_corner,social_nav,17,VALID,True,True,False,0.1825076408675592,30.800001606345177,30.800001606345177,8.70291666666667,0,0.0,0.0,NONE,0,0.0,True,0.0,9.600000500679016,20.783334417268634,-0.7202719571073244,,,,,False,False,FAIL,3.1995222398235077,0.20346648447076454,2.7000001408159733,3.9000002034008503,0,0.0,5.615017426920927,0.6243138346045916,True,6.266666638851166,6.416667001321912,,28.21666813828051,,5.9667,True,D:\detection\robot_human_isaac6\outputs\classic_single_pedestrian\benchmark\blind_corner\social_nav\seed_17\run_01
blind_corner,social_nav,23,VALID,True,True,False,0.1825076408675592,30.800001606345177,30.800001606345177,8.70291666666667,0,0.0,0.0,NONE,0,0.0,True,0.0,9.600000500679016,20.783334417268634,-0.7202719571073244,,,,,False,False,FAIL,3.1995222398235077,0.20346648447076454,2.7000001408159733,3.9000002034008503,0,0.0,5.625333950473288,0.6129932332176743,True,6.266666638851166,6.416667001321912,,28.21666813828051,,5.9667,True,D:\detection\robot_human_isaac6\outputs\classic_single_pedestrian\benchmark\blind_corner\social_nav\seed_23\run_01
blind_corner,social_nav,31,VALID,True,True,False,0.1825076408675592,30.800001606345177,30.800001606345177,8.70291666666667,0,0.0,0.0,NONE,0,0.0,True,0.0,9.600000500679016,20.783334417268634,-0.7202719571073244,,,,,False,False,FAIL,3.1995222398235077,0.20346648447076454,2.7000001408159733,3.9000002034008503,0,0.0,5.368988170354419,0.6222714529049551,True,6.266666638851166,6.416667001321912,,28.21666813828051,,6.0667,True,D:\detection\robot_human_isaac6\outputs\classic_single_pedestrian\benchmark\blind_corner\social_nav\seed_31\run_01
crossing,baseline,17,VALID,True,True,False,0.054636683626415994,29.31666819564998,29.31666819564998,8.70713888888885,0,0.0,0.0,NONE,0,0.0,True,0.0,8.750000456348062,20.766667749732733,-0.8481429143484676,,,False,,False,False,FAIL,3.157828211352567,0.06991252597078623,2.600000135600567,3.9000002034008503,0,0.0,4.948068459832028,0.5148073710366917,False,0.06666663885116575,0.2166666779667139,,,,,False,D:\detection\robot_human_isaac6\outputs\classic_single_pedestrian\benchmark\crossing\baseline\seed_17\run_01
crossing,baseline,23,VALID,True,True,False,0.054636683626415994,29.31666819564998,29.31666819564998,8.70713888888885,0,0.0,0.0,NONE,0,0.0,True,0.0,8.750000456348062,20.766667749732733,-0.8481429143484676,,,False,,False,False,FAIL,3.157828211352567,0.06991252597078623,2.600000135600567,3.9000002034008503,0,0.0,6.410825774484777,0.6669956953766173,False,0.06666663885116575,0.2166666779667139,,,,,False,D:\detection\robot_human_isaac6\outputs\classic_single_pedestrian\benchmark\crossing\baseline\seed_23\run_01
crossing,baseline,31,VALID,True,True,False,0.054636683626415994,29.31666819564998,29.31666819564998,8.70713888888885,0,0.0,0.0,NONE,0,0.0,True,0.0,8.750000456348062,20.766667749732733,-0.8481429143484676,,,False,,False,False,FAIL,3.157828211352567,0.06991252597078623,2.600000135600567,3.9000002034008503,0,0.0,6.517949078279549,0.664887456939734,False,0.06666663885116575,0.2166666779667139,,,,,False,D:\detection\robot_human_isaac6\outputs\classic_single_pedestrian\benchmark\crossing\baseline\seed_31\run_01
crossing,social_nav,17,VALID,True,True,False,0.054636683626415994,30.800001606345177,30.800001606345177,8.70291666666667,0,0.0,0.0,NONE,0,0.0,True,0.0,8.750000456348062,20.766667749732733,-0.8481429143484676,,,False,,False,False,FAIL,3.157828214145345,0.06991252597078623,2.600000135600567,3.9000002034008503,0,0.0,5.888495364678196,0.6210374856418613,True,0.06666663885116575,0.2166666779667139,,28.21666813828051,,,False,D:\detection\robot_human_isaac6\outputs\classic_single_pedestrian\benchmark\crossing\social_nav\seed_17\run_01
crossing,social_nav,23,VALID,True,True,False,0.054636683626415994,30.800001606345177,30.800001606345177,8.70291666666667,0,0.0,0.0,NONE,0,0.0,True,0.0,8.750000456348062,20.766667749732733,-0.8481429143484676,,,False,,False,False,FAIL,3.157828214145345,0.06991252597078623,2.600000135600567,3.9000002034008503,0,0.0,6.445989617524766,0.6648694040303955,True,0.06666663885116575,0.2166666779667139,,28.21666813828051,,,False,D:\detection\robot_human_isaac6\outputs\classic_single_pedestrian\benchmark\crossing\social_nav\seed_23\run_01
crossing,social_nav,31,VALID,True,True,False,0.054636683626415994,30.800001606345177,30.800001606345177,8.70291666666667,0,0.0,0.0,NONE,0,0.0,True,0.0,8.750000456348062,20.766667749732733,-0.8481429143484676,,,False,,False,False,FAIL,3.157828214145345,0.06991252597078623,2.600000135600567,3.9000002034008503,0,0.0,6.2500062748076655,0.6507943381120169,True,0.06666663885116575,0.2166666779667139,,28.21666813828051,,,False,D:\detection\robot_human_isaac6\outputs\classic_single_pedestrian\benchmark\crossing\social_nav\seed_31\run_01
headon,baseline,17,VALID,True,True,False,0.06372655403060619,33.23333506658673,33.23333506658673,8.709416666666662,1,2.8000001460313797,0.04671220375664353,NONE,0,0.0,True,0.0,4.583333572372794,15.683334151282907,-0.8390530439442774,,False,,,False,False,FAIL,3.541980463657393,0.07959584955515842,2.7666668109595776,3.9833335410803556,1,1.2841047158453132,4.925011503675436,0.5164422054449688,True,0.06666663885116575,0.2166666779667139,4.4333335645496845,4.4333335645496845,4.366666925698519,,False,D:\detection\robot_human_isaac6\outputs\classic_single_pedestrian\benchmark\headon\baseline\seed_17\run_01
headon,baseline,23,VALID,True,True,False,0.06340638681753108,33.133335061371326,33.133335061371326,8.711416666666645,1,2.7000001408159733,0.04671139164507394,NONE,0,0.0,True,0.0,4.566666904836893,15.5833341460675,-0.8393732111573524,,False,,,False,False,FAIL,3.495762521510099,0.07924729411306088,2.7333334758877754,3.9833335410803556,1,1.2841053886607396,4.666460027788188,0.4807868158167984,True,0.16666663885116573,0.3166666831821203,4.450000232085586,4.450000232085586,4.28333359323442,,False,D:\detection\robot_human_isaac6\outputs\classic_single_pedestrian\benchmark\headon\baseline\seed_23\run_01
headon,baseline,31,VALID,True,True,False,0.06340638681753108,33.133335061371326,33.133335061371326,8.711416666666645,1,2.7000001408159733,0.04671139164507394,NONE,0,0.0,True,0.0,4.566666904836893,15.5833341460675,-0.8393732111573524,,False,,,False,False,FAIL,3.495762521510099,0.07924729411306088,2.7333334758877754,3.9833335410803556,1,1.2841053886607396,4.851815116826015,0.5088371542130108,True,0.06666663885116575,0.2166666779667139,4.450000232085586,4.450000232085586,4.38333359323442,,False,D:\detection\robot_human_isaac6\outputs\classic_single_pedestrian\benchmark\headon\baseline\seed_31\run_01
headon,social_nav,17,VALID,True,True,False,0.11395024245821757,37.650001963600516,37.650001963600516,8.70219444444445,1,6.150000320747495,0.0,NONE,0,0.0,True,0.0,4.816666917875409,18.633334305137396,-0.788829355516666,,False,,,False,False,FAIL,4.91947174028069,0.14241975853369138,3.850000200793147,6.116666985675693,0,0.0,5.103749976400774,0.5325360450483668,True,0.06666663885116575,0.2166666779667139,3.616666855290532,3.616666855290532,3.5500002164393663,,False,D:\detection\robot_human_isaac6\outputs\classic_single_pedestrian\benchmark\headon\social_nav\seed_17\run_01
headon,social_nav,23,VALID,True,True,False,0.11578351600211602,37.60000196099281,37.60000196099281,8.702194444444448,1,6.250000325962901,0.0,NONE,0,0.0,True,0.0,4.783333582803607,18.666667640209198,-0.7869960819727675,,False,,,False,False,FAIL,4.959181988696708,0.1447407239985705,3.9000002034008503,6.200000323355198,0,0.0,5.364993556055391,0.5605639997364638,True,0.06666663885116575,0.2166666779667139,3.7166668605059385,3.7166668605059385,3.6500002216547727,,False,D:\detection\robot_human_isaac6\outputs\classic_single_pedestrian\benchmark\headon\social_nav\seed_23\run_01
headon,social_nav,31,VALID,True,True,False,0.11578351600211602,37.50000195577741,37.50000195577741,8.702194444444448,1,6.150000320747495,0.0,NONE,0,0.0,True,0.0,4.783333582803607,18.583334302529693,-0.7869960819727675,,False,,,False,False,FAIL,4.888138809102744,0.1447407239985705,3.800000198185444,6.08333365060389,0,0.0,5.016678982122008,0.5298364441941368,True,0.16666663885116573,0.3166666831821203,3.7166668605059385,3.7166668605059385,3.5500002216547726,,False,D:\detection\robot_human_isaac6\outputs\classic_single_pedestrian\benchmark\headon\social_nav\seed_31\run_01
overtaking,baseline,17,VALID,False,False,False,1.5014440063677779,,70.00000365078449,8.893222222221821,1,18.650000972673297,0.44883865126490774,RIGHT,0,0.0,False,0.0,0.01666666753590107,70.00000365078449,,,,,False,False,False,FAIL,3.3333049306430516,1.4881660806487922,0.0,0.08333333767950535,7,7.160000000000002,7.342343485503513,0.7492187620853639,True,0.06666663885116575,0.2166666779667139,0.23333334550261497,0.23333334550261497,0.16666670665144923,,False,D:\detection\robot_human_isaac6\outputs\classic_single_pedestrian\benchmark\overtaking\baseline\seed_17\run_01
overtaking,baseline,23,VALID,False,False,False,1.4931359848974732,,70.00000365078449,8.913027777777373,1,18.650000972673297,0.46088854690256015,RIGHT,0,0.0,False,0.0,0.01666666753590107,70.00000365078449,,,,,False,False,False,FAIL,3.372046265136989,1.4881660806487922,0.0,0.08333333767950535,7,7.040000000000003,7.4985097393072735,0.7629298097775468,True,0.06666663885116575,0.2166666779667139,0.23333334550261497,0.23333334550261497,0.16666670665144923,,False,D:\detection\robot_human_isaac6\outputs\classic_single_pedestrian\benchmark\overtaking\baseline\seed_23\run_01
overtaking,baseline,31,VALID,False,False,False,1.6685061550007676,,70.00000365078449,8.617055555555151,1,20.200001053512096,0.31317751873570365,RIGHT,0,0.0,False,0.0,0.01666666753590107,70.00000365078449,,,,,False,False,False,FAIL,2.5464136233102836,1.4881660806487922,0.0,0.08333333767950535,5,5.6800000000000015,7.07772934955079,0.7927057284925118,True,0.06666663885116575,0.2166666779667139,0.23333334550261497,0.23333334550261497,0.16666670665144923,,False,D:\detection\robot_human_isaac6\outputs\classic_single_pedestrian\benchmark\overtaking\baseline\seed_31\run_01
overtaking,social_nav,17,VALID,True,False,False,1.3285283067269036,45.716669050976634,45.716669050976634,8.703194444444588,1,2.350000122562051,0.0,NONE,0,0.0,True,0.0,0.01666666753590107,45.716669050976634,,,,,False,True,False,YIELD-ONLY,6.8093773026475635,1.4881660806487922,0.0,0.08333333767950535,0,0.0,6.819297950091039,0.6908581404581863,True,0.06666663885116575,0.2166666779667139,0.3166666831821203,0.3166666831821203,0.2500000443309546,,False,D:\detection\robot_human_isaac6\outputs\classic_single_pedestrian\benchmark\overtaking\social_nav\seed_17\run_01
overtaking,social_nav,23,VALID,True,False,False,1.328445106055549,45.70000238344073,45.70000238344073,8.703250000000143,1,2.2500001173466444,0.0,NONE,0,0.0,True,0.0,0.01666666753590107,45.70000238344073,,,,,False,True,False,YIELD-ONLY,6.781232237822794,1.4881660806487922,0.0,0.08333333767950535,0,0.0,6.830776536049706,0.6903136817009058,True,0.06666663885116575,0.2166666779667139,0.3166666831821203,0.3166666831821203,0.2500000443309546,,False,D:\detection\robot_human_isaac6\outputs\classic_single_pedestrian\benchmark\overtaking\social_nav\seed_23\run_01
overtaking,social_nav,31,VALID,True,False,False,1.3293043423095907,45.76666905358434,45.76666905358434,8.703250000000146,2,2.2833334524184465,0.0,NONE,0,0.0,True,0.0,0.01666666753590107,45.76666905358434,,,,,False,True,False,YIELD-ONLY,6.794185815634288,1.4881660806487922,0.0,0.08333333767950535,0,0.0,6.908631156881503,0.7466115357571643,True,0.06666663885116575,0.2166666779667139,0.3166666831821203,0.3166666831821203,0.2500000443309546,,False,D:\detection\robot_human_isaac6\outputs\classic_single_pedestrian\benchmark\overtaking\social_nav\seed_31\run_01
static_obstruction,baseline,17,VALID,False,False,False,1.281118326554981,,70.00000365078449,3.082388888888863,1,55.35000288672745,0.4611779607263004,RIGHT,0,0.0,False,0.0,4.933333590626717,70.00000365078449,,,False,,,False,False,FAIL,11.306619701909234,1.1218920847281715,0.0,3.4833335150033236,1,1.8,10.110959548044656,1.051660037557296,True,0.06666663885116575,0.2166666779667139,4.133333548903465,4.133333548903465,4.0666669100523,,False,D:\detection\robot_human_isaac6\outputs\classic_single_pedestrian\benchmark\static_obstruction\baseline\seed_17\run_01
static_obstruction,baseline,23,VALID,False,False,False,1.2575231066127175,,70.00000365078449,3.110388888888862,1,55.250002881512046,0.4677780869765003,RIGHT,0,0.0,False,0.0,4.950000258162618,70.00000365078449,,,False,,,False,False,FAIL,11.836588027121522,1.0971804444409452,0.0,3.5333335176110268,1,1.8,9.591013492473408,0.975829912046311,True,0.06666663885116575,0.2166666779667139,4.116666881367564,4.116666881367564,4.050000242516399,,False,D:\detection\robot_human_isaac6\outputs\classic_single_pedestrian\benchmark\static_obstruction\baseline\seed_23\run_01
static_obstruction,baseline,31,VALID,False,False,False,1.2575231066127175,,70.00000365078449,3.110388888888862,1,55.250002881512046,0.4677780869765003,RIGHT,0,0.0,False,0.0,4.950000258162618,70.00000365078449,,,False,,,False,False,FAIL,11.836588027121522,1.0971804444409452,0.0,3.5333335176110268,1,1.8,10.220536866963489,1.059907582222847,True,0.06666663885116575,0.2166666779667139,4.116666881367564,4.116666881367564,4.050000242516399,,False,D:\detection\robot_human_isaac6\outputs\classic_single_pedestrian\benchmark\static_obstruction\baseline\seed_31\run_01
static_obstruction,social_nav,17,VALID,False,False,False,0.9088048712636692,,70.00000365078449,3.2146666666666106,2,57.05000297538936,0.0,NONE,0,0.0,True,0.0,4.633333574980497,70.00000365078449,,,False,,,False,False,FAIL,20.538945171763388,0.8943250459363216,2.4833334628492594,28.0500014629215,0,0.0,10.417980958009927,1.0677287043843313,True,0.06666663885116575,0.2166666779667139,7.31666704826057,7.31666704826057,7.250000409409404,,False,D:\detection\robot_human_isaac6\outputs\classic_single_pedestrian\benchmark\static_obstruction\social_nav\seed_17\run_01
static_obstruction,social_nav,23,VALID,False,False,False,0.9088048712636692,,70.00000365078449,3.2146666666666106,2,57.05000297538936,0.0,NONE,0,0.0,True,0.0,4.633333574980497,70.00000365078449,,,False,,,False,False,FAIL,20.540603489206852,0.8943250459363216,2.4833334628492594,28.0666681304574,0,0.0,10.582553642860356,1.0735924545432576,True,0.06666663885116575,0.2166666779667139,7.31666704826057,7.31666704826057,7.250000409409404,,False,D:\detection\robot_human_isaac6\outputs\classic_single_pedestrian\benchmark\static_obstruction\social_nav\seed_23\run_01
static_obstruction,social_nav,31,VALID,False,False,False,0.9088048712636692,,70.00000365078449,3.2146666666666106,2,57.05000297538936,0.0,NONE,0,0.0,True,0.0,4.633333574980497,70.00000365078449,,,False,,,False,False,FAIL,20.540603489206852,0.8943250459363216,2.4833334628492594,28.0666681304574,0,0.0,10.469077232050712,1.0605433349694566,True,0.06666663885116575,0.2166666779667139,7.31666704826057,7.31666704826057,7.250000409409404,,False,D:\detection\robot_human_isaac6\outputs\classic_single_pedestrian\benchmark\static_obstruction\social_nav\seed_31\run_01
